{
    "income": [
        {
            "amount": 5000.0,
            "type": "salary",
            "timestamp": 1762258394.4865723
        }
    ],
    "expense": [
        {
            "amount": 2500.0,
            "category": "food",
            "timestamp": 1762258018.942565
        }
    ]
}